sabotage_type,count_received,min_winning_bid,max_winning_bid,avg_winning_bid,med_winning_bid
distraction,34,500.0,13200.0,4574.193548387097,4000.0
equipment,92,500.0,16200.0,5802.739726027397,5300.0
equpiment,3,4600.0,7100.0,5850.0,5850.0
exclusivity,7,3600.0,6200.0,4466.666666666667,3600.0
ingredients,141,500.0,12000.0,4820.618556701031,4300.0
